"ID","True_Label","Pred_Label","Probability","True_Age"
72,"Young","Old",0.296793294596004,44
73,"Young","Old",0.0305368325638804,46
29,"Young","Old",0.261503166833027,49
75,"Young","Old",0.535501804803903,48
28,"Young","Old",0.540976985831783,48
74,"Young","Old",0.400967626165221,46
