"ID","True_Label","Pred_Label","Probability","True_Age"
72,"Young","Old",0.153426142376142,44
74,"Young","Old",0.322249311799311,46
75,"Young","Old",0.493051753801753,48
29,"Young","Old",0.142992085692086,49
73,"Young","Old",0.0488654586154588,46
